Index,Customer Id,First Name,Last Name,Company,City
1,DD37Cf93aecA6Dc,Sheryl,Baxter,Rasmussen Group,East Leonard
2,1Ef7b82A4CAAD10,Preston,,Vega-Gentry,East Jimmychester
3,6F94879bDAfE5a6,Roy,Berry,Murillo-Perry,Isabelborough
4,5Cef8BFA16c5e3c,,Olsen,"Dominguez, Mcmillan and Donovan",Bensonview
5,053d585Ab6b3159,Joanna,,,West Priscilla
6,2d08FB17EE273F4,Aimee,Downs,Steele Group,Chavezborough
7,EA4d384DfDbBf77,Darren,,"Lester, Woodard and Mitchell",Lake Ana
,,,,,
9,C2dE4dEEc489ae0,Sheryl,Meyers,Browning-Simon,Robersonstad
10,8C2811a503C7c5a,Michelle,Gallagher,Beck-Hendrix,Elaineberg
11,216E205d6eBb815,Carl,Schroeder,"Oconnell, Meza and Everett",Shannonville
12,CEDec94deE6d69B,Jenna,Dodson,"Hoffman, Reed and Mcclain",East Andrea
13,e35426EbDEceaFF,Tracey,Mata,Graham-Francis,South Joannamouth
14,A08A8aF8BE9FaD4,Kristine,Cox,Carpenter-Cook,Jodyberg
15,6fEaA1b7cab7B6C,Faith,Lutz,Carter-Hancock,Burchbury
16,8cad0b4CBceaeec,Miranda,Beasley,Singleton and Sons,Desireeshire
17,a5DC21AE3a21eaA,Caroline,Foley,Winters-Mendoza,West Adriennestad
18,F8Aa9d6DfcBeeF8,Greg,Mata,Valentine LLC,Lake Leslie
19,F160f5Db3EfE973,Clifford,Jacobson,Simon LLC,Harmonview
20,0F60FF3DdCd7aB0,Joanna,Kirk,Mays-Mccormick,Jamesshire
90,37Ec4B395641c1E,Lori,Flowers,Decker-Mcknight,North Joeburgh
99,c23d1D9EE8DEB0A,Yvonne,Farmer,Fitzgerald-Harrell,Lake Elijahview
100,2354a0E336A91A1,Clarence,Haynes,"Le, Nash and Cross",Judymouth
,,,,,
,,,,,
,,,,,
,,,,,
,,,,,
,,,,,
,,,,,
