,Index,Customer Id,First Name,Last Name,Company,City
0,1,DD37Cf93aecA6Dc,Sheryl,Baxter,Rasmussen Group,East Leonard
1,2,1Ef7b82A4CAAD10,Preston,,Vega-Gentry,East Jimmychester
2,3,6F94879bDAfE5a6,Roy,Berry,Murillo-Perry,Isabelborough
3,4,5Cef8BFA16c5e3c,,Olsen,"Dominguez, Mcmillan and Donovan",Bensonview
4,5,053d585Ab6b3159,Joanna,,"Martin, Lang and Andrade",West Priscilla
5,6,2d08FB17EE273F4,Aimee,Downs,Steele Group,Chavezborough
6,7,EA4d384DfDbBf77,Darren,,"Lester, Woodard and Mitchell",Lake Ana
7,,,,,,
8,9,C2dE4dEEc489ae0,Sheryl,Meyers,Browning-Simon,Robersonstad
9,10,8C2811a503C7c5a,Michelle,Gallagher,Beck-Hendrix,Elaineberg
10,11,216E205d6eBb815,Carl,Schroeder,"Oconnell, Meza and Everett",Shannonville
11,12,CEDec94deE6d69B,Jenna,Dodson,"Hoffman, Reed and Mcclain",East Andrea
12,13,e35426EbDEceaFF,Tracey,Mata,Graham-Francis,South Joannamouth
13,14,A08A8aF8BE9FaD4,Kristine,Cox,Carpenter-Cook,Jodyberg
14,15,6fEaA1b7cab7B6C,Faith,Lutz,Carter-Hancock,Burchbury
15,16,8cad0b4CBceaeec,Miranda,Beasley,Singleton and Sons,Desireeshire
16,17,a5DC21AE3a21eaA,Caroline,Foley,Winters-Mendoza,West Adriennestad
17,18,F8Aa9d6DfcBeeF8,Greg,Mata,Valentine LLC,Lake Leslie
18,19,F160f5Db3EfE973,Clifford,Jacobson,Simon LLC,Harmonview
19,20,0F60FF3DdCd7aB0,Joanna,Kirk,Mays-Mccormick,Jamesshire
20,90,37Ec4B395641c1E,Lori,Flowers,Decker-Mcknight,North Joeburgh
21,99,c23d1D9EE8DEB0A,Yvonne,Farmer,Fitzgerald-Harrell,Lake Elijahview
22,100,2354a0E336A91A1,Clarence,Haynes,"Le, Nash and Cross",Judymouth
